https://image.ibb.co/mBYe0y/1_inguna_ziemele_chicks_cocks.gif,"animation, illustration"
https://image.ibb.co/iomotJ/01_Liza_Gusarova_It_s_Time.png,moving image
https://image.ibb.co/j0SuYJ/01_Vera_Liza_On_And_On.png,moving image
https://image.ibb.co/mXSHnd/1_elsa_blanchard_disco_queer.jpg,photography
https://image.ibb.co/jKy1DJ/2_inguna_ziemele_chicks_cocks_v2.gif,animation
https://image.ibb.co/mH6z0y/02_Liza_Gusarova_It_s_Time.png,3d
https://image.ibb.co/gdNuYJ/02_Vera_Liza_On_And_On.png,zoom
https://image.ibb.co/fv9K0y/2_elsa_blanchard_Iranjpg.jpg,portrait
https://image.ibb.co/cKN6fy/3_inguna_ziemele_chicks_cocks_v2.gif,animation
https://image.ibb.co/i3Rcnd/03_Liza_Gusarova_It_s_Time.png,3d
https://image.ibb.co/joFRfy/03_Vera_Liza_On_And_On.png,sphere
https://image.ibb.co/f1Uxnd/4_inguna_Ziemele_spring.jpg,photography
https://image.ibb.co/dGmMDJ/04_Liza_Gusarova_It_s_Time.png,3d
https://image.ibb.co/fNOZYJ/04_Vera_Liza_On_And_On.png,pattern
https://image.ibb.co/cwbA7d/5_inguna_Ziemele_rain.jpg,illustration
https://image.ibb.co/emwXLy/05_Vera_Liza_Erythrophobia.jpg,moving image
https://image.ibb.co/cbKmfy/6_inguna_ziemele_flora.jpg,illustration
https://image.ibb.co/jgT1DJ/06_Vera_Liza_Erythrophobia.jpg,moving image